Ciclo;CRS;Município;Código do IBGE;Ano;Número da armadilha;Ovos;Link;Latitude;Longitude;Resultado;Semana;Lat_lng
Janeiro;;Montes Claros;3143302;2024;1;44;Montes Claros_1;-16,66092;-43,85172;Positiva;3;-16.66092,-43.85172
Janeiro;;Montes Claros;3143302;2024;2;0;Montes Claros_2;-16,66048;-43,84899;Negativa;3;-16.66048,-43.84899
Janeiro;;Montes Claros;3143302;2024;3;0;Montes Claros_3;-16,66396;-43,85296;Negativa;3;-16.66396,-43.85296
Janeiro;;Montes Claros;3143302;2024;4;0;Montes Claros_4;-16,66307;-43,84981;Negativa;3;-16.66307,-43.84981
Janeiro;;Montes Claros;3143302;2024;5;0;Montes Claros_5;-16,66355;-43,84723;Negativa;3;-16.66355,-43.84723
Janeiro;;Montes Claros;3143302;2024;6;0;Montes Claros_6;-16,66624;-43,85150;Negativa;3;-16.66624,-43.85150
Janeiro;;Montes Claros;3143302;2024;7;0;Montes Claros_7;-16,67015;-43,85810;Negativa;3;-16.67015,-43.85810
Janeiro;;Montes Claros;3143302;2024;8;23;Montes Claros_8;-16,66881;-43,85551;Positiva;3;-16.66881,-43.85551
Janeiro;;Montes Claros;3143302;2024;9;53;Montes Claros_9;-16,66959;-43,85271;Positiva;3;-16.66959,-43.85271
Janeiro;;Montes Claros;3143302;2024;10;0;Montes Claros_10;-16,66951;-43,84057;Negativa;3;-16.66951,-43.84057
Janeiro;;Montes Claros;3143302;2024;11;164;Montes Claros_11;-16,66933;-43,82818;Positiva;3;-16.66933,-43.82818
Janeiro;;Montes Claros;3143302;2024;12;126;Montes Claros_12;-16,67140;-43,85490;Positiva;3;-16.67140,-43.85490
Janeiro;;Montes Claros;3143302;2024;13;0;Montes Claros_13;-16,67157;-43,85081;Negativa;3;-16.67157,-43.85081
Janeiro;;Montes Claros;3143302;2024;14;0;Montes Claros_14;-16,67248;-43,83978;Negativa;3;-16.67248,-43.83978
Janeiro;;Montes Claros;3143302;2024;15;0;Montes Claros_15;-16,67233;-43,82908;Negativa;3;-16.67233,-43.82908
Janeiro;;Montes Claros;3143302;2024;16;57;Montes Claros_16;-16,67214;-43,82517;Positiva;3;-16.67214,-43.82517
Janeiro;;Montes Claros;3143302;2024;17;0;Montes Claros_17;-16,67301;-43,82240;Negativa;3;-16.67301,-43.82240
Janeiro;;Montes Claros;3143302;2024;18;0;Montes Claros_18;-16,67595;-43,87563;Negativa;3;-16.67595,-43.87563
Janeiro;;Montes Claros;3143302;2024;19;0;Montes Claros_19;-16,67468;-43,87304;Negativa;3;-16.67468,-43.87304
Janeiro;;Montes Claros;3143302;2024;20;148;Montes Claros_20;-16,67545;-43,85485;Positiva;3;-16.67545,-43.85485
Janeiro;;Montes Claros;3143302;2024;21;86;Montes Claros_21;-16,67623;-43,83801;Positiva;3;-16.67623,-43.83801
Janeiro;;Montes Claros;3143302;2024;22;5;Montes Claros_22;-16,67656;-43,83522;Positiva;3;-16.67656,-43.83522
Janeiro;;Montes Claros;3143302;2024;23;149;Montes Claros_23;-16,67543;-43,82816;Positiva;3;-16.67543,-43.82816
Janeiro;;Montes Claros;3143302;2024;24;0;Montes Claros_24;-16,67581;-43,82484;Negativa;3;-16.67581,-43.82484
Janeiro;;Montes Claros;3143302;2024;25;82;Montes Claros_25;-16,67809;-43,87594;Positiva;3;-16.67809,-43.87594
Janeiro;;Montes Claros;3143302;2024;26;19;Montes Claros_26;-16,67819;-43,87309;Positiva;3;-16.67819,-43.87309
Janeiro;;Montes Claros;3143302;2024;27;93;Montes Claros_27;-16,67842;-43,83770;Positiva;3;-16.67842,-43.83770
Janeiro;;Montes Claros;3143302;2024;28;0;Montes Claros_28;-16,67906;-43,83375;Negativa;3;-16.67906,-43.83375
Janeiro;;Montes Claros;3143302;2024;29;2;Montes Claros_29;-16,67864;-43,82784;Positiva;3;-16.67864,-43.82784
Janeiro;;Montes Claros;3143302;2024;30;0;Montes Claros_30;-16,67826;-43,82475;Negativa;3;-16.67826,-43.82475
Janeiro;;Montes Claros;3143302;2024;31;0;Montes Claros_31;-16,67912;-43,82075;Negativa;3;-16.67912,-43.82075
Janeiro;;Montes Claros;3143302;2024;32;10;Montes Claros_32;-16,68079;-43,83728;Positiva;3;-16.68079,-43.83728
Janeiro;;Montes Claros;3143302;2024;33;0;Montes Claros_33;-16,68246;-43,83430;Negativa;3;-16.68246,-43.83430
Janeiro;;Montes Claros;3143302;2024;34;73;Montes Claros_34;-16,68153;-43,83117;Positiva;3;-16.68153,-43.83117
Janeiro;;Montes Claros;3143302;2024;35;4;Montes Claros_35;-16,68138;-43,82843;Positiva;3;-16.68138,-43.82843
Janeiro;;Montes Claros;3143302;2024;36;0;Montes Claros_36;-16,68189;-43,82564;Negativa;3;-16.68189,-43.82564
Janeiro;;Montes Claros;3143302;2024;37;0;Montes Claros_37;-16,68045;-43,82308;Negativa;3;-16.68045,-43.82308
Janeiro;;Montes Claros;3143302;2024;38;11;Montes Claros_38;-16,68433;-43,87644;Positiva;3;-16.68433,-43.87644
Janeiro;;Montes Claros;3143302;2024;39;0;Montes Claros_39;-16,68487;-43,86639;Negativa;3;-16.68487,-43.86639
Janeiro;;Montes Claros;3143302;2024;40;0;Montes Claros_40;-16,68432;-43,84911;Negativa;3;-16.68432,-43.84911
Janeiro;;Montes Claros;3143302;2024;41;0;Montes Claros_41;-16,68560;-43,83535;Negativa;3;-16.68560,-43.83535
Janeiro;;Montes Claros;3143302;2024;42;0;Montes Claros_42;-16,68464;-43,82781;Negativa;3;-16.68464,-43.82781
Janeiro;;Montes Claros;3143302;2024;43;0;Montes Claros_43;-16,68443;-43,82440;Negativa;3;-16.68443,-43.82440
Janeiro;;Montes Claros;3143302;2024;44;15;Montes Claros_44;-16,68475;-43,82107;Positiva;3;-16.68475,-43.82107
Janeiro;;Montes Claros;3143302;2024;45;0;Montes Claros_45;-16,68492;-43,81811;Negativa;3;-16.68492,-43.81811
Janeiro;;Montes Claros;3143302;2024;46;238;Montes Claros_46;-16,68726;-43,88005;Positiva;3;-16.68726,-43.88005
Janeiro;;Montes Claros;3143302;2024;47;10;Montes Claros_47;-16,68737;-43,87618;Positiva;3;-16.68737,-43.87618
Janeiro;;Montes Claros;3143302;2024;48;37;Montes Claros_48;-16,68722;-43,84605;Positiva;3;-16.68722,-43.84605
Janeiro;;Montes Claros;3143302;2024;49;4;Montes Claros_49;-16,68836;-43,84344;Positiva;3;-16.68836,-43.84344
Janeiro;;Montes Claros;3143302;2024;50;44;Montes Claros_50;-16,68699;-43,82520;Positiva;3;-16.68699,-43.82520
Janeiro;;Montes Claros;3143302;2024;51;0;Montes Claros_51;-16,68764;-43,81956;Negativa;3;-16.68764,-43.81956
Janeiro;;Montes Claros;3143302;2024;52;0;Montes Claros_52;-16,69079;-43,87922;Negativa;3;-16.69079,-43.87922
Janeiro;;Montes Claros;3143302;2024;53;31;Montes Claros_53;-16,69033;-43,87639;Positiva;3;-16.69033,-43.87639
Janeiro;;Montes Claros;3143302;2024;54;4;Montes Claros_54;-16,68921;-43,87386;Positiva;3;-16.68921,-43.87386
Janeiro;;Montes Claros;3143302;2024;55;0;Montes Claros_55;-16,69112;-43,85093;Negativa;3;-16.69112,-43.85093
Janeiro;;Montes Claros;3143302;2024;56;0;Montes Claros_56;-16,69087;-43,84298;Negativa;3;-16.69087,-43.84298
Janeiro;;Montes Claros;3143302;2024;57;138;Montes Claros_57;-16,69102;-43,83948;Positiva;3;-16.69102,-43.83948
Janeiro;;Montes Claros;3143302;2024;58;0;Montes Claros_58;-16,69035;-43,83631;Negativa;3;-16.69035,-43.83631
Janeiro;;Montes Claros;3143302;2024;59;0;Montes Claros_59;-16,69069;-43,83068;Negativa;3;-16.69069,-43.83068
Janeiro;;Montes Claros;3143302;2024;60;2;Montes Claros_60;-16,69051;-43,82717;Positiva;3;-16.69051,-43.82717
Janeiro;;Montes Claros;3143302;2024;61;68;Montes Claros_61;-16,68984;-43,81985;Positiva;3;-16.68984,-43.81985
Janeiro;;Montes Claros;3143302;2024;62;0;Montes Claros_62;-16,69319;-43,87924;Negativa;3;-16.69319,-43.87924
Janeiro;;Montes Claros;3143302;2024;63;0;Montes Claros_63;-16,69354;-43,87623;Negativa;3;-16.69354,-43.87623
Janeiro;;Montes Claros;3143302;2024;64;281;Montes Claros_64;-16,69357;-43,87315;Positiva;3;-16.69357,-43.87315
Janeiro;;Montes Claros;3143302;2024;65;0;Montes Claros_65;-16,69346;-43,85242;Negativa;3;-16.69346,-43.85242
Janeiro;;Montes Claros;3143302;2024;66;0;Montes Claros_66;-16,69377;-43,84885;Negativa;3;-16.69377,-43.84885
Janeiro;;Montes Claros;3143302;2024;67;23;Montes Claros_67;-16,69398;-43,84460;Positiva;3;-16.69398,-43.84460
Janeiro;;Montes Claros;3143302;2024;68;80;Montes Claros_68;-16,69328;-43,84005;Positiva;3;-16.69328,-43.84005
Janeiro;;Montes Claros;3143302;2024;69;64;Montes Claros_69;-16,69380;-43,83691;Positiva;3;-16.69380,-43.83691
Janeiro;;Montes Claros;3143302;2024;70;0;Montes Claros_70;-16,69325;-43,83448;Negativa;3;-16.69325,-43.83448
Janeiro;;Montes Claros;3143302;2024;71;0;Montes Claros_71;-16,69316;-43,82760;Negativa;3;-16.69316,-43.82760
Janeiro;;Montes Claros;3143302;2024;72;291;Montes Claros_72;-16,69357;-43,82093;Positiva;3;-16.69357,-43.82093
Janeiro;;Montes Claros;3143302;2024;73;11;Montes Claros_73;-16,69385;-43,81402;Positiva;3;-16.69385,-43.81402
Janeiro;;Montes Claros;3143302;2024;74;0;Montes Claros_74;-16,69374;-43,81034;Negativa;3;-16.69374,-43.81034
Janeiro;;Montes Claros;3143302;2024;75;0;Montes Claros_75;-16,69693;-43,87917;Negativa;3;-16.69693,-43.87917
Janeiro;;Montes Claros;3143302;2024;76;0;Montes Claros_76;-16,69674;-43,87437;Negativa;3;-16.69674,-43.87437
Janeiro;;Montes Claros;3143302;2024;77;75;Montes Claros_77;-16,69639;-43,87053;Positiva;3;-16.69639,-43.87053
Janeiro;;Montes Claros;3143302;2024;78;0;Montes Claros_78;-16,69711;-43,86235;Negativa;3;-16.69711,-43.86235
Janeiro;;Montes Claros;3143302;2024;79;118;Montes Claros_79;-16,69601;-43,85485;Positiva;3;-16.69601,-43.85485
Janeiro;;Montes Claros;3143302;2024;80;44;Montes Claros_80;-16,69640;-43,85234;Positiva;3;-16.69640,-43.85234
Janeiro;;Montes Claros;3143302;2024;81;5;Montes Claros_81;-16,69661;-43,84972;Positiva;3;-16.69661,-43.84972
Janeiro;;Montes Claros;3143302;2024;82;67;Montes Claros_82;-16,69624;-43,84593;Positiva;3;-16.69624,-43.84593
Janeiro;;Montes Claros;3143302;2024;83;229;Montes Claros_83;-16,69609;-43,84361;Positiva;3;-16.69609,-43.84361
Janeiro;;Montes Claros;3143302;2024;84;77;Montes Claros_84;-16,69616;-43,84025;Positiva;3;-16.69616,-43.84025
Janeiro;;Montes Claros;3143302;2024;85;35;Montes Claros_85;-16,69639;-43,83725;Positiva;3;-16.69639,-43.83725
Janeiro;;Montes Claros;3143302;2024;86;0;Montes Claros_86;-16,69669;-43,83382;Negativa;3;-16.69669,-43.83382
Janeiro;;Montes Claros;3143302;2024;87;20;Montes Claros_87;-16,69642;-43,82209;Positiva;3;-16.69642,-43.82209
Janeiro;;Montes Claros;3143302;2024;88;0;Montes Claros_88;-16,69661;-43,81306;Negativa;3;-16.69661,-43.81306
Janeiro;;Montes Claros;3143302;2024;89;0;Montes Claros_89;-16,69626;-43,81016;Negativa;3;-16.69626,-43.81016
Janeiro;;Montes Claros;3143302;2024;90;0;Montes Claros_90;-16,69609;-43,80717;Negativa;3;-16.69609,-43.80717
Janeiro;;Montes Claros;3143302;2024;91;0;Montes Claros_91;-16,69618;-43,80434;Negativa;3;-16.69618,-43.80434
Janeiro;;Montes Claros;3143302;2024;92;122;Montes Claros_92;-16,69949;-43,88074;Positiva;3;-16.69949,-43.88074
Janeiro;;Montes Claros;3143302;2024;93;4;Montes Claros_93;-16,70020;-43,87509;Positiva;3;-16.70020,-43.87509
Janeiro;;Montes Claros;3143302;2024;94;6;Montes Claros_94;-16,69960;-43,87288;Positiva;3;-16.69960,-43.87288
Janeiro;;Montes Claros;3143302;2024;95;6;Montes Claros_95;-16,69954;-43,86983;Positiva;3;-16.69954,-43.86983
Janeiro;;Montes Claros;3143302;2024;96;0;Montes Claros_96;-16,69916;-43,86667;Negativa;3;-16.69916,-43.86667
Janeiro;;Montes Claros;3143302;2024;97;8;Montes Claros_97;-16,69925;-43,86047;Positiva;3;-16.69925,-43.86047
Janeiro;;Montes Claros;3143302;2024;98;0;Montes Claros_98;-16,69988;-43,85484;Negativa;3;-16.69988,-43.85484
Janeiro;;Montes Claros;3143302;2024;99;45;Montes Claros_99;-16,69874;-43,85179;Positiva;3;-16.69874,-43.85179
Janeiro;;Montes Claros;3143302;2024;100;290;Montes Claros_100;-16,69971;-43,84889;Positiva;3;-16.69971,-43.84889
Janeiro;;Montes Claros;3143302;2024;101;42;Montes Claros_101;-16,69947;-43,84303;Positiva;3;-16.69947,-43.84303
Janeiro;;Montes Claros;3143302;2024;102;141;Montes Claros_102;-16,69998;-43,83793;Positiva;3;-16.69998,-43.83793
Janeiro;;Montes Claros;3143302;2024;103;73;Montes Claros_103;-16,70004;-43,83475;Positiva;3;-16.70004,-43.83475
Janeiro;;Montes Claros;3143302;2024;104;107;Montes Claros_104;-16,69914;-43,82373;Positiva;3;-16.69914,-43.82373
Janeiro;;Montes Claros;3143302;2024;105;0;Montes Claros_105;-16,69916;-43,81036;Negativa;3;-16.69916,-43.81036
Janeiro;;Montes Claros;3143302;2024;106;3;Montes Claros_106;-16,69959;-43,80733;Positiva;3;-16.69959,-43.80733
Janeiro;;Montes Claros;3143302;2024;107;0;Montes Claros_107;-16,70259;-43,88237;Negativa;3;-16.70259,-43.88237
Janeiro;;Montes Claros;3143302;2024;108;0;Montes Claros_108;-16,70270;-43,87919;Negativa;3;-16.70270,-43.87919
Janeiro;;Montes Claros;3143302;2024;109;0;Montes Claros_109;-16,70246;-43,87593;Negativa;3;-16.70246,-43.87593
Janeiro;;Montes Claros;3143302;2024;110;0;Montes Claros_110;-16,70245;-43,87286;Negativa;3;-16.70245,-43.87286
Janeiro;;Montes Claros;3143302;2024;317;63;Montes Claros_317;-16,73217;-43,86668;Positiva;3;-16.73217,-43.86668
Janeiro;;Montes Claros;3143302;2024;318;2;Montes Claros_318;-16,73304;-43,86396;Positiva;3;-16.73304,-43.86396
Janeiro;;Montes Claros;3143302;2024;342;12;Montes Claros_342;-16,73544;-43,86413;Positiva;3;-16.73544,-43.86413
Janeiro;;Montes Claros;3143302;2024;361;7;Montes Claros_361;-16,73865;-43,86371;Positiva;3;-16.73865,-43.86371
Janeiro;;Montes Claros;3143302;2024;362;0;Montes Claros_362;-16,73843;-43,86086;Negativa;3;-16.73843,-43.86086
Janeiro;;Montes Claros;3143302;2024;363;0;Montes Claros_363;-16,73858;-43,85794;Negativa;3;-16.73858,-43.85794
Janeiro;;Montes Claros;3143302;2024;381;3;Montes Claros_381;-16,74135;-43,86411;Positiva;3;-16.74135,-43.86411
Janeiro;;Montes Claros;3143302;2024;382;197;Montes Claros_382;-16,74130;-43,86089;Positiva;3;-16.74130,-43.86089
Janeiro;;Montes Claros;3143302;2024;383;24;Montes Claros_383;-16,74130;-43,85777;Positiva;3;-16.74130,-43.85777
Janeiro;;Montes Claros;3143302;2024;384;0;Montes Claros_384;-16,74119;-43,85508;Negativa;3;-16.74119,-43.85508
Janeiro;;Montes Claros;3143302;2024;402;0;Montes Claros_402;-16,74396;-43,86418;Negativa;3;-16.74396,-43.86418
Janeiro;;Montes Claros;3143302;2024;403;21;Montes Claros_403;-16,74415;-43,85805;Positiva;3;-16.74415,-43.85805
Janeiro;;Montes Claros;3143302;2024;404;12;Montes Claros_404;-16,74445;-43,85505;Positiva;3;-16.74445,-43.85505
Janeiro;;Montes Claros;3143302;2024;405;84;Montes Claros_405;-16,74404;-43,85225;Positiva;3;-16.74404,-43.85225
Janeiro;;Montes Claros;3143302;2024;420;2;Montes Claros_420;-16,74694;-43,86688;Positiva;3;-16.74694,-43.86688
Janeiro;;Montes Claros;3143302;2024;421;0;Montes Claros_421;-16,74709;-43,86413;Negativa;3;-16.74709,-43.86413
Janeiro;;Montes Claros;3143302;2024;422;22;Montes Claros_422;-16,74702;-43,86132;Positiva;3;-16.74702,-43.86132
Janeiro;;Montes Claros;3143302;2024;423;30;Montes Claros_423;-16,74697;-43,85783;Positiva;3;-16.74697,-43.85783
Janeiro;;Montes Claros;3143302;2024;424;2;Montes Claros_424;-16,74714;-43,85522;Positiva;3;-16.74714,-43.85522
Janeiro;;Montes Claros;3143302;2024;425;9;Montes Claros_425;-16,74712;-43,85220;Positiva;3;-16.74712,-43.85220
Janeiro;;Montes Claros;3143302;2024;426;22;Montes Claros_426;-16,74767;-43,84946;Positiva;3;-16.74767,-43.84946
Janeiro;;Montes Claros;3143302;2024;437;0;Montes Claros_437;-16,74977;-43,87572;Negativa;3;-16.74977,-43.87572
Janeiro;;Montes Claros;3143302;2024;440;0;Montes Claros_440;-16,74966;-43,86696;Negativa;3;-16.74966,-43.86696
Janeiro;;Montes Claros;3143302;2024;441;91;Montes Claros_441;-16,74956;-43,86390;Positiva;3;-16.74956,-43.86390
Janeiro;;Montes Claros;3143302;2024;442;58;Montes Claros_442;-16,75035;-43,86116;Positiva;3;-16.75035,-43.86116
Janeiro;;Montes Claros;3143302;2024;443;93;Montes Claros_443;-16,75059;-43,85765;Positiva;3;-16.75059,-43.85765
Janeiro;;Montes Claros;3143302;2024;444;178;Montes Claros_444;-16,75039;-43,85458;Positiva;3;-16.75039,-43.85458
Janeiro;;Montes Claros;3143302;2024;445;0;Montes Claros_445;-16,74998;-43,85206;Negativa;3;-16.74998,-43.85206
Janeiro;;Montes Claros;3143302;2024;456;0;Montes Claros_456;-16,75295;-43,87538;Negativa;3;-16.75295,-43.87538
Janeiro;;Montes Claros;3143302;2024;457;0;Montes Claros_457;-16,75332;-43,87297;Negativa;3;-16.75332,-43.87297
Janeiro;;Montes Claros;3143302;2024;458;119;Montes Claros_458;-16,75274;-43,87028;Positiva;3;-16.75274,-43.87028
Janeiro;;Montes Claros;3143302;2024;459;36;Montes Claros_459;-16,75318;-43,86721;Positiva;3;-16.75318,-43.86721
Janeiro;;Montes Claros;3143302;2024;460;269;Montes Claros_460;-16,75280;-43,86399;Positiva;3;-16.75280,-43.86399
Janeiro;;Montes Claros;3143302;2024;461;0;Montes Claros_461;-16,75301;-43,86111;Negativa;3;-16.75301,-43.86111
Janeiro;;Montes Claros;3143302;2024;462;0;Montes Claros_462;-16,75347;-43,85783;Negativa;3;-16.75347,-43.85783
Janeiro;;Montes Claros;3143302;2024;463;0;Montes Claros_463;-16,75337;-43,85487;Negativa;3;-16.75337,-43.85487
Janeiro;;Montes Claros;3143302;2024;464;0;Montes Claros_464;-16,75340;-43,85182;Negativa;3;-16.75340,-43.85182
Janeiro;;Montes Claros;3143302;2024;465;0;Montes Claros_465;-16,75333;-43,84878;Negativa;3;-16.75333,-43.84878
Janeiro;;Montes Claros;3143302;2024;472;0;Montes Claros_472;-16,75573;-43,87596;Negativa;3;-16.75573,-43.87596
Janeiro;;Montes Claros;3143302;2024;473;6;Montes Claros_473;-16,75646;-43,87290;Positiva;3;-16.75646,-43.87290
Janeiro;;Montes Claros;3143302;2024;474;29;Montes Claros_474;-16,75579;-43,87008;Positiva;3;-16.75579,-43.87008
Janeiro;;Montes Claros;3143302;2024;475;46;Montes Claros_475;-16,75651;-43,86687;Positiva;3;-16.75651,-43.86687
Janeiro;;Montes Claros;3143302;2024;476;39;Montes Claros_476;-16,75614;-43,86403;Positiva;3;-16.75614,-43.86403
Janeiro;;Montes Claros;3143302;2024;477;0;Montes Claros_477;-16,75579;-43,86111;Negativa;3;-16.75579,-43.86111
Janeiro;;Montes Claros;3143302;2024;478;303;Montes Claros_478;-16,75643;-43,85838;Positiva;3;-16.75643,-43.85838
Janeiro;;Montes Claros;3143302;2024;479;0;Montes Claros_479;-16,75647;-43,85443;Negativa;3;-16.75647,-43.85443
Janeiro;;Montes Claros;3143302;2024;480;28;Montes Claros_480;-16,75608;-43,85202;Positiva;3;-16.75608,-43.85202
Janeiro;;Montes Claros;3143302;2024;481;127;Montes Claros_481;-16,75635;-43,84935;Positiva;3;-16.75635,-43.84935
Janeiro;;Montes Claros;3143302;2024;482;0;Montes Claros_482;-16,75575;-43,84660;Negativa;3;-16.75575,-43.84660
Janeiro;;Montes Claros;3143302;2024;488;0;Montes Claros_488;-16,75891;-43,87683;Negativa;3;-16.75891,-43.87683
Janeiro;;Montes Claros;3143302;2024;489;88;Montes Claros_489;-16,75898;-43,87260;Positiva;3;-16.75898,-43.87260
Janeiro;;Montes Claros;3143302;2024;490;37;Montes Claros_490;-16,75938;-43,86970;Positiva;3;-16.75938,-43.86970
Janeiro;;Montes Claros;3143302;2024;491;0;Montes Claros_491;-16,75952;-43,86667;Negativa;3;-16.75952,-43.86667
Janeiro;;Montes Claros;3143302;2024;492;6;Montes Claros_492;-16,75931;-43,86370;Positiva;3;-16.75931,-43.86370
Janeiro;;Montes Claros;3143302;2024;493;140;Montes Claros_493;-16,75912;-43,86105;Positiva;3;-16.75912,-43.86105
Janeiro;;Montes Claros;3143302;2024;494;34;Montes Claros_494;-16,75914;-43,85180;Positiva;3;-16.75914,-43.85180
Janeiro;;Montes Claros;3143302;2024;495;195;Montes Claros_495;-16,75897;-43,84920;Positiva;3;-16.75897,-43.84920
Janeiro;;Montes Claros;3143302;2024;496;84;Montes Claros_496;-16,75947;-43,84559;Positiva;3;-16.75947,-43.84559
Janeiro;;Montes Claros;3143302;2024;499;31;Montes Claros_499;-16,76253;-43,87602;Positiva;3;-16.76253,-43.87602
Janeiro;;Montes Claros;3143302;2024;500;62;Montes Claros_500;-16,76192;-43,87072;Positiva;3;-16.76192,-43.87072
Janeiro;;Montes Claros;3143302;2024;501;26;Montes Claros_501;-16,76218;-43,86649;Positiva;3;-16.76218,-43.86649
Janeiro;;Montes Claros;3143302;2024;502;0;Montes Claros_502;-16,76201;-43,86355;Negativa;3;-16.76201,-43.86355
Janeiro;;Montes Claros;3143302;2024;503;40;Montes Claros_503;-16,76247;-43,86056;Positiva;3;-16.76247,-43.86056
Janeiro;;Montes Claros;3143302;2024;504;151;Montes Claros_504;-16,76287;-43,85791;Positiva;3;-16.76287,-43.85791
Janeiro;;Montes Claros;3143302;2024;505;0;Montes Claros_505;-16,76233;-43,85217;Negativa;3;-16.76233,-43.85217
Janeiro;;Montes Claros;3143302;2024;506;0;Montes Claros_506;-16,76147;-43,84859;Negativa;3;-16.76147,-43.84859
Janeiro;;Montes Claros;3143302;2024;507;33;Montes Claros_507;-16,76264;-43,84572;Positiva;3;-16.76264,-43.84572
Janeiro;;Montes Claros;3143302;2024;508;0;Montes Claros_508;-16,76215;-43,84345;Negativa;3;-16.76215,-43.84345
Janeiro;;Montes Claros;3143302;2024;511;4;Montes Claros_511;-16,76504;-43,86957;Positiva;3;-16.76504,-43.86957
Janeiro;;Montes Claros;3143302;2024;512;23;Montes Claros_512;-16,76538;-43,86650;Positiva;3;-16.76538,-43.86650
Janeiro;;Montes Claros;3143302;2024;513;2;Montes Claros_513;-16,76530;-43,86345;Positiva;3;-16.76530,-43.86345
Janeiro;;Montes Claros;3143302;2024;514;7;Montes Claros_514;-16,76512;-43,86060;Positiva;3;-16.76512,-43.86060
Janeiro;;Montes Claros;3143302;2024;515;69;Montes Claros_515;-16,76477;-43,85752;Positiva;3;-16.76477,-43.85752
Janeiro;;Montes Claros;3143302;2024;516;19;Montes Claros_516;-16,76554;-43,85532;Positiva;3;-16.76554,-43.85532
Janeiro;;Montes Claros;3143302;2024;517;15;Montes Claros_517;-16,76601;-43,85064;Positiva;3;-16.76601,-43.85064
Janeiro;;Montes Claros;3143302;2024;518;262;Montes Claros_518;-16,76484;-43,84573;Positiva;3;-16.76484,-43.84573
Janeiro;;Montes Claros;3143302;2024;520;51;Montes Claros_520;-16,76754;-43,87017;Positiva;3;-16.76754,-43.87017
Janeiro;;Montes Claros;3143302;2024;521;226;Montes Claros_521;-16,76793;-43,86687;Positiva;3;-16.76793,-43.86687
Janeiro;;Montes Claros;3143302;2024;522;103;Montes Claros_522;-16,76794;-43,86397;Positiva;3;-16.76794,-43.86397
Janeiro;;Montes Claros;3143302;2024;523;13;Montes Claros_523;-16,76840;-43,86098;Positiva;3;-16.76840,-43.86098
Janeiro;;Montes Claros;3143302;2024;524;49;Montes Claros_524;-16,76818;-43,85793;Positiva;3;-16.76818,-43.85793
Janeiro;;Montes Claros;3143302;2024;525;14;Montes Claros_525;-16,76796;-43,85490;Positiva;3;-16.76796,-43.85490
Janeiro;;Montes Claros;3143302;2024;526;73;Montes Claros_526;-16,76847;-43,85121;Positiva;3;-16.76847,-43.85121
Janeiro;;Montes Claros;3143302;2024;527;101;Montes Claros_527;-16,76875;-43,84866;Positiva;3;-16.76875,-43.84866
Janeiro;;Montes Claros;3143302;2024;528;118;Montes Claros_528;-16,76856;-43,84554;Positiva;3;-16.76856,-43.84554
Janeiro;;Montes Claros;3143302;2024;529;0;Montes Claros_529;-16,77175;-43,86708;Negativa;3;-16.77175,-43.86708
Janeiro;;Montes Claros;3143302;2024;530;28;Montes Claros_530;-16,77192;-43,85653;Positiva;3;-16.77192,-43.85653
Janeiro;;Montes Claros;3143302;2024;531;0;Montes Claros_531;-16,77160;-43,84831;Negativa;3;-16.77160,-43.84831
Janeiro;;Montes Claros;3143302;2024;532;0;Montes Claros_532;-16,77116;-43,84552;Negativa;3;-16.77116,-43.84552
Janeiro;;Montes Claros;3143302;2024;533;0;Montes Claros_533;-16,77449;-43,86692;Negativa;3;-16.77449,-43.86692
Janeiro;;Montes Claros;3143302;2024;534;41;Montes Claros_534;-16,77460;-43,85511;Positiva;3;-16.77460,-43.85511
Janeiro;;Montes Claros;3143302;2024;535;125;Montes Claros_535;-16,77378;-43,85209;Positiva;3;-16.77378,-43.85209
Janeiro;;Montes Claros;3143302;2024;536;19;Montes Claros_536;-16,77406;-43,84897;Positiva;3;-16.77406,-43.84897
Janeiro;;Montes Claros;3143302;2024;537;0;Montes Claros_537;-16,77727;-43,86746;Negativa;3;-16.77727,-43.86746
Janeiro;;Montes Claros;3143302;2024;538;0;Montes Claros_538;-16,77961;-43,86756;Negativa;3;-16.77961,-43.86756
Janeiro;;Montes Claros;3143302;2024;111;0;Montes Claros_111;-16,70255;-43,86985;Negativa;3;-16.70255,-43.86985
Janeiro;;Montes Claros;3143302;2024;112;147;Montes Claros_112;-16,70231;-43,86077;Positiva;3;-16.70231,-43.86077
Janeiro;;Montes Claros;3143302;2024;121;427;Montes Claros_121;-16,70525;-43,87965;Positiva;3;-16.70525,-43.87965
Janeiro;;Montes Claros;3143302;2024;122;0;Montes Claros_122;-16,70540;-43,87607;Negativa;3;-16.70540,-43.87607
Janeiro;;Montes Claros;3143302;2024;123;0;Montes Claros_123;-16,70622;-43,87278;Negativa;3;-16.70622,-43.87278
Janeiro;;Montes Claros;3143302;2024;124;164;Montes Claros_124;-16,70535;-43,86972;Positiva;3;-16.70535,-43.86972
Janeiro;;Montes Claros;3143302;2024;125;0;Montes Claros_125;-16,70585;-43,86678;Negativa;3;-16.70585,-43.86678
Janeiro;;Montes Claros;3143302;2024;126;0;Montes Claros_126;-16,70578;-43,86371;Negativa;3;-16.70578,-43.86371
Janeiro;;Montes Claros;3143302;2024;127;129;Montes Claros_127;-16,70523;-43,86124;Positiva;3;-16.70523,-43.86124
Janeiro;;Montes Claros;3143302;2024;128;316;Montes Claros_128;-16,70578;-43,85818;Positiva;3;-16.70578,-43.85818
Janeiro;;Montes Claros;3143302;2024;135;6;Montes Claros_135;-16,70827;-43,87334;Positiva;3;-16.70827,-43.87334
Janeiro;;Montes Claros;3143302;2024;136;76;Montes Claros_136;-16,70840;-43,87051;Positiva;3;-16.70840,-43.87051
Janeiro;;Montes Claros;3143302;2024;137;0;Montes Claros_137;-16,70844;-43,86441;Negativa;3;-16.70844,-43.86441
Janeiro;;Montes Claros;3143302;2024;138;0;Montes Claros_138;-16,70815;-43,86095;Negativa;3;-16.70815,-43.86095
Janeiro;;Montes Claros;3143302;2024;139;169;Montes Claros_139;-16,70808;-43,85780;Positiva;3;-16.70808,-43.85780
Janeiro;;Montes Claros;3143302;2024;146;0;Montes Claros_146;-16,71253;-43,88234;Negativa;3;-16.71253,-43.88234
Janeiro;;Montes Claros;3143302;2024;147;34;Montes Claros_147;-16,71123;-43,87583;Positiva;3;-16.71123,-43.87583
Janeiro;;Montes Claros;3143302;2024;148;45;Montes Claros_148;-16,71101;-43,87327;Positiva;3;-16.71101,-43.87327
Janeiro;;Montes Claros;3143302;2024;149;5;Montes Claros_149;-16,71119;-43,87058;Positiva;3;-16.71119,-43.87058
Janeiro;;Montes Claros;3143302;2024;150;0;Montes Claros_150;-16,71168;-43,86714;Negativa;3;-16.71168,-43.86714
Janeiro;;Montes Claros;3143302;2024;151;98;Montes Claros_151;-16,71132;-43,86403;Positiva;3;-16.71132,-43.86403
Janeiro;;Montes Claros;3143302;2024;152;92;Montes Claros_152;-16,71143;-43,86119;Positiva;3;-16.71143,-43.86119
Janeiro;;Montes Claros;3143302;2024;161;139;Montes Claros_161;-16,71427;-43,88855;Positiva;3;-16.71427,-43.88855
Janeiro;;Montes Claros;3143302;2024;162;8;Montes Claros_162;-16,71433;-43,88528;Positiva;3;-16.71433,-43.88528
Janeiro;;Montes Claros;3143302;2024;163;0;Montes Claros_163;-16,71473;-43,88244;Negativa;3;-16.71473,-43.88244
Janeiro;;Montes Claros;3143302;2024;164;57;Montes Claros_164;-16,71404;-43,87931;Positiva;3;-16.71404,-43.87931
Janeiro;;Montes Claros;3143302;2024;165;0;Montes Claros_165;-16,71404;-43,87636;Negativa;3;-16.71404,-43.87636
Janeiro;;Montes Claros;3143302;2024;166;0;Montes Claros_166;-16,71427;-43,87033;Negativa;3;-16.71427,-43.87033
Janeiro;;Montes Claros;3143302;2024;167;0;Montes Claros_167;-16,71445;-43,86688;Negativa;3;-16.71445,-43.86688
Janeiro;;Montes Claros;3143302;2024;168;0;Montes Claros_168;-16,71415;-43,86151;Negativa;3;-16.71415,-43.86151
Janeiro;;Montes Claros;3143302;2024;185;0;Montes Claros_185;-16,71694;-43,88829;Negativa;3;-16.71694,-43.88829
Janeiro;;Montes Claros;3143302;2024;188;32;Montes Claros_188;-16,71685;-43,87886;Positiva;3;-16.71685,-43.87886
Janeiro;;Montes Claros;3143302;2024;189;16;Montes Claros_189;-16,71679;-43,87594;Positiva;3;-16.71679,-43.87594
Janeiro;;Montes Claros;3143302;2024;190;0;Montes Claros_190;-16,71708;-43,87305;Negativa;3;-16.71708,-43.87305
Janeiro;;Montes Claros;3143302;2024;191;32;Montes Claros_191;-16,71766;-43,86962;Positiva;3;-16.71766,-43.86962
Janeiro;;Montes Claros;3143302;2024;192;0;Montes Claros_192;-16,71642;-43,86729;Negativa;3;-16.71642,-43.86729
Janeiro;;Montes Claros;3143302;2024;194;0;Montes Claros_194;-16,71738;-43,86164;Negativa;3;-16.71738,-43.86164
Janeiro;;Montes Claros;3143302;2024;215;0;Montes Claros_215;-16,72012;-43,87577;Negativa;3;-16.72012,-43.87577
Janeiro;;Montes Claros;3143302;2024;216;4;Montes Claros_216;-16,72011;-43,87291;Positiva;3;-16.72011,-43.87291
Janeiro;;Montes Claros;3143302;2024;217;87;Montes Claros_217;-16,72003;-43,86978;Positiva;3;-16.72003,-43.86978
Janeiro;;Montes Claros;3143302;2024;186;23;Montes Claros_186;-16,71742;-43,88526;Positiva;3;-16.71742,-43.88526
Janeiro;;Montes Claros;3143302;2024;187;13;Montes Claros_187;-16,71723;-43,88210;Positiva;3;-16.71723,-43.88210
Janeiro;;Montes Claros;3143302;2024;211;19;Montes Claros_211;-16,72014;-43,89069;Positiva;3;-16.72014,-43.89069
Janeiro;;Montes Claros;3143302;2024;212;35;Montes Claros_212;-16,72072;-43,88777;Positiva;3;-16.72072,-43.88777
Janeiro;;Montes Claros;3143302;2024;213;130;Montes Claros_213;-16,72022;-43,88486;Positiva;3;-16.72022,-43.88486
Janeiro;;Montes Claros;3143302;2024;214;1;Montes Claros_214;-16,71947;-43,88280;Positiva;3;-16.71947,-43.88280
Janeiro;;Montes Claros;3143302;2024;236;1;Montes Claros_236;-16,72283;-43,88819;Positiva;3;-16.72283,-43.88819
Janeiro;;Montes Claros;3143302;2024;237;46;Montes Claros_237;-16,72272;-43,88545;Positiva;3;-16.72272,-43.88545
Janeiro;;Montes Claros;3143302;2024;238;0;Montes Claros_238;-16,72307;-43,87638;Negativa;3;-16.72307,-43.87638
Janeiro;;Montes Claros;3143302;2024;239;45;Montes Claros_239;-16,72325;-43,87342;Positiva;3;-16.72325,-43.87342
Janeiro;;Montes Claros;3143302;2024;259;0;Montes Claros_259;-16,72561;-43,89675;Negativa;3;-16.72561,-43.89675
Janeiro;;Montes Claros;3143302;2024;260;114;Montes Claros_260;-16,72637;-43,89489;Positiva;3;-16.72637,-43.89489
Janeiro;;Montes Claros;3143302;2024;261;31;Montes Claros_261;-16,72620;-43,88865;Positiva;3;-16.72620,-43.88865
Janeiro;;Montes Claros;3143302;2024;262;0;Montes Claros_262;-16,72557;-43,88568;Negativa;3;-16.72557,-43.88568
Janeiro;;Montes Claros;3143302;2024;263;0;Montes Claros_263;-16,72487;-43,88199;Negativa;3;-16.72487,-43.88199
Janeiro;;Montes Claros;3143302;2024;264;141;Montes Claros_264;-16,72629;-43,87876;Positiva;3;-16.72629,-43.87876
Janeiro;;Montes Claros;3143302;2024;265;0;Montes Claros_265;-16,72592;-43,87594;Negativa;3;-16.72592,-43.87594
Janeiro;;Montes Claros;3143302;2024;266;11;Montes Claros_266;-16,72586;-43,87334;Positiva;3;-16.72586,-43.87334
Janeiro;;Montes Claros;3143302;2024;284;0;Montes Claros_284;-16,72908;-43,89147;Negativa;3;-16.72908,-43.89147
Janeiro;;Montes Claros;3143302;2024;285;1;Montes Claros_285;-16,72933;-43,88841;Positiva;3;-16.72933,-43.88841
Janeiro;;Montes Claros;3143302;2024;286;0;Montes Claros_286;-16,72919;-43,88470;Negativa;3;-16.72919,-43.88470
Janeiro;;Montes Claros;3143302;2024;287;14;Montes Claros_287;-16,72888;-43,88181;Positiva;3;-16.72888,-43.88181
Janeiro;;Montes Claros;3143302;2024;288;0;Montes Claros_288;-16,72931;-43,87955;Negativa;3;-16.72931,-43.87955
Janeiro;;Montes Claros;3143302;2024;131;43;Montes Claros_131;-16,70584;-43,84455;Positiva;3;-16.70584,-43.84455
Janeiro;;Montes Claros;3143302;2024;142;0;Montes Claros_142;-16,70856;-43,84634;Negativa;3;-16.70856,-43.84634
Janeiro;;Montes Claros;3143302;2024;143;0;Montes Claros_143;-16,70817;-43,84336;Negativa;3;-16.70817,-43.84336
Janeiro;;Montes Claros;3143302;2024;144;0;Montes Claros_144;-16,70894;-43,84016;Negativa;3;-16.70894,-43.84016
Janeiro;;Montes Claros;3143302;2024;155;0;Montes Claros_155;-16,71188;-43,84637;Negativa;3;-16.71188,-43.84637
Janeiro;;Montes Claros;3143302;2024;156;111;Montes Claros_156;-16,71180;-43,84282;Positiva;3;-16.71180,-43.84282
Janeiro;;Montes Claros;3143302;2024;157;0;Montes Claros_157;-16,71183;-43,83895;Negativa;3;-16.71183,-43.83895
Janeiro;;Montes Claros;3143302;2024;172;324;Montes Claros_172;-16,71484;-43,84907;Positiva;3;-16.71484,-43.84907
Janeiro;;Montes Claros;3143302;2024;173;1;Montes Claros_173;-16,71452;-43,84574;Positiva;3;-16.71452,-43.84574
Janeiro;;Montes Claros;3143302;2024;174;40;Montes Claros_174;-16,71446;-43,84280;Positiva;3;-16.71446,-43.84280
Janeiro;;Montes Claros;3143302;2024;175;19;Montes Claros_175;-16,71435;-43,84013;Positiva;3;-16.71435,-43.84013
Janeiro;;Montes Claros;3143302;2024;198;0;Montes Claros_198;-16,71660;-43,84921;Negativa;3;-16.71660,-43.84921
Janeiro;;Montes Claros;3143302;2024;199;0;Montes Claros_199;-16,71645;-43,84608;Negativa;3;-16.71645,-43.84608
Janeiro;;Montes Claros;3143302;2024;200;0;Montes Claros_200;-16,71724;-43,84036;Negativa;3;-16.71724,-43.84036
Janeiro;;Montes Claros;3143302;2024;201;25;Montes Claros_201;-16,71773;-43,83739;Positiva;3;-16.71773,-43.83739
Janeiro;;Montes Claros;3143302;2024;226;0;Montes Claros_226;-16,72061;-43,84265;Negativa;3;-16.72061,-43.84265
Janeiro;;Montes Claros;3143302;2024;227;20;Montes Claros_227;-16,71972;-43,83985;Positiva;3;-16.71972,-43.83985
Janeiro;;Montes Claros;3143302;2024;228;8;Montes Claros_228;-16,72054;-43,83113;Positiva;3;-16.72054,-43.83113
Janeiro;;Montes Claros;3143302;2024;229;0;Montes Claros_229;-16,72041;-43,82796;Negativa;3;-16.72041,-43.82796
Janeiro;;Montes Claros;3143302;2024;230;0;Montes Claros_230;-16,72033;-43,82505;Negativa;3;-16.72033,-43.82505
Janeiro;;Montes Claros;3143302;2024;249;184;Montes Claros_249;-16,72314;-43,84290;Positiva;3;-16.72314,-43.84290
Janeiro;;Montes Claros;3143302;2024;250;55;Montes Claros_250;-16,72296;-43,83994;Positiva;3;-16.72296,-43.83994
Janeiro;;Montes Claros;3143302;2024;251;0;Montes Claros_251;-16,72319;-43,83700;Negativa;3;-16.72319,-43.83700
Janeiro;;Montes Claros;3143302;2024;252;82;Montes Claros_252;-16,72332;-43,83107;Positiva;3;-16.72332,-43.83107
Janeiro;;Montes Claros;3143302;2024;253;0;Montes Claros_253;-16,72285;-43,82795;Negativa;3;-16.72285,-43.82795
Janeiro;;Montes Claros;3143302;2024;276;0;Montes Claros_276;-16,72693;-43,84338;Negativa;3;-16.72693,-43.84338
Janeiro;;Montes Claros;3143302;2024;277;0;Montes Claros_277;-16,72642;-43,84022;Negativa;3;-16.72642,-43.84022
Janeiro;;Montes Claros;3143302;2024;278;21;Montes Claros_278;-16,72651;-43,83746;Positiva;3;-16.72651,-43.83746
Janeiro;;Montes Claros;3143302;2024;279;0;Montes Claros_279;-16,72673;-43,83449;Negativa;3;-16.72673,-43.83449
Janeiro;;Montes Claros;3143302;2024;280;0;Montes Claros_280;-16,72673;-43,83100;Negativa;3;-16.72673,-43.83100
Janeiro;;Montes Claros;3143302;2024;300;3;Montes Claros_300;-16,72965;-43,84273;Positiva;3;-16.72965,-43.84273
Janeiro;;Montes Claros;3143302;2024;301;11;Montes Claros_301;-16,72958;-43,84021;Positiva;3;-16.72958,-43.84021
Janeiro;;Montes Claros;3143302;2024;302;0;Montes Claros_302;-16,72955;-43,83704;Negativa;3;-16.72955,-43.83704
Janeiro;;Montes Claros;3143302;2024;303;14;Montes Claros_303;-16,72948;-43,83453;Positiva;3;-16.72948,-43.83453
Janeiro;;Montes Claros;3143302;2024;304;0;Montes Claros_304;-16,72917;-43,83118;Negativa;3;-16.72917,-43.83118
Janeiro;;Montes Claros;3143302;2024;305;0;Montes Claros_305;-16,72959;-43,82878;Negativa;3;-16.72959,-43.82878
Janeiro;;Montes Claros;3143302;2024;324;17;Montes Claros_324;-16,73195;-43,84520;Positiva;3;-16.73195,-43.84520
Janeiro;;Montes Claros;3143302;2024;325;101;Montes Claros_325;-16,73284;-43,84293;Positiva;3;-16.73284,-43.84293
Janeiro;;Montes Claros;3143302;2024;326;0;Montes Claros_326;-16,73232;-43,84019;Negativa;3;-16.73232,-43.84019
Janeiro;;Montes Claros;3143302;2024;327;21;Montes Claros_327;-16,73239;-43,83699;Positiva;3;-16.73239,-43.83699
Janeiro;;Montes Claros;3143302;2024;328;31;Montes Claros_328;-16,73230;-43,83391;Positiva;3;-16.73230,-43.83391
Janeiro;;Montes Claros;3143302;2024;329;0;Montes Claros_329;-16,73229;-43,83150;Negativa;3;-16.73229,-43.83150
Janeiro;;Montes Claros;3143302;2024;330;0;Montes Claros_330;-16,73177;-43,82822;Negativa;3;-16.73177,-43.82822
Janeiro;;Montes Claros;3143302;2024;331;0;Montes Claros_331;-16,73264;-43,82596;Negativa;3;-16.73264,-43.82596
Janeiro;;Montes Claros;3143302;2024;348;0;Montes Claros_348;-16,73561;-43,84606;Negativa;3;-16.73561,-43.84606
Janeiro;;Montes Claros;3143302;2024;349;144;Montes Claros_349;-16,73562;-43,84315;Positiva;3;-16.73562,-43.84315
Janeiro;;Montes Claros;3143302;2024;350;0;Montes Claros_350;-16,73563;-43,84035;Negativa;3;-16.73563,-43.84035
Janeiro;;Montes Claros;3143302;2024;351;0;Montes Claros_351;-16,73578;-43,83709;Negativa;3;-16.73578,-43.83709
Janeiro;;Montes Claros;3143302;2024;352;1;Montes Claros_352;-16,73535;-43,83398;Positiva;3;-16.73535,-43.83398
Janeiro;;Montes Claros;3143302;2024;353;0;Montes Claros_353;-16,73534;-43,82629;Negativa;3;-16.73534,-43.82629
Janeiro;;Montes Claros;3143302;2024;367;0;Montes Claros_367;-16,73819;-43,84566;Negativa;3;-16.73819,-43.84566
Janeiro;;Montes Claros;3143302;2024;368;11;Montes Claros_368;-16,73849;-43,84338;Positiva;3;-16.73849,-43.84338
Janeiro;;Montes Claros;3143302;2024;369;8;Montes Claros_369;-16,73876;-43,84038;Positiva;3;-16.73876,-43.84038
Janeiro;;Montes Claros;3143302;2024;370;0;Montes Claros_370;-16,73868;-43,83751;Negativa;3;-16.73868,-43.83751
Janeiro;;Montes Claros;3143302;2024;371;0;Montes Claros_371;-16,73762;-43,83417;Negativa;3;-16.73762,-43.83417
Janeiro;;Montes Claros;3143302;2024;372;62;Montes Claros_372;-16,73838;-43,83139;Positiva;3;-16.73838,-43.83139
Janeiro;;Montes Claros;3143302;2024;373;70;Montes Claros_373;-16,73872;-43,82834;Positiva;3;-16.73872,-43.82834
Janeiro;;Montes Claros;3143302;2024;387;0;Montes Claros_387;-16,74113;-43,84552;Negativa;3;-16.74113,-43.84552
Janeiro;;Montes Claros;3143302;2024;388;84;Montes Claros_388;-16,74082;-43,84323;Positiva;3;-16.74082,-43.84323
Janeiro;;Montes Claros;3143302;2024;389;18;Montes Claros_389;-16,74165;-43,84045;Positiva;3;-16.74165,-43.84045
Janeiro;;Montes Claros;3143302;2024;390;51;Montes Claros_390;-16,74116;-43,83140;Positiva;3;-16.74116,-43.83140
Janeiro;;Montes Claros;3143302;2024;391;32;Montes Claros_391;-16,74131;-43,82798;Positiva;3;-16.74131,-43.82798
Janeiro;;Montes Claros;3143302;2024;392;64;Montes Claros_392;-16,74157;-43,82611;Positiva;3;-16.74157,-43.82611
Janeiro;;Montes Claros;3143302;2024;407;7;Montes Claros_407;-16,74471;-43,84539;Positiva;3;-16.74471,-43.84539
Janeiro;;Montes Claros;3143302;2024;408;22;Montes Claros_408;-16,74451;-43,84298;Positiva;3;-16.74451,-43.84298
Janeiro;;Montes Claros;3143302;2024;409;0;Montes Claros_409;-16,74414;-43,84019;Negativa;3;-16.74414,-43.84019
Janeiro;;Montes Claros;3143302;2024;410;219;Montes Claros_410;-16,74391;-43,83384;Positiva;3;-16.74391,-43.83384
Janeiro;;Montes Claros;3143302;2024;411;247;Montes Claros_411;-16,74353;-43,83103;Positiva;3;-16.74353,-43.83103
Janeiro;;Montes Claros;3143302;2024;412;531;Montes Claros_412;-16,74413;-43,82816;Positiva;3;-16.74413,-43.82816
Janeiro;;Montes Claros;3143302;2024;413;4;Montes Claros_413;-16,74386;-43,82535;Positiva;3;-16.74386,-43.82535
Janeiro;;Montes Claros;3143302;2024;427;12;Montes Claros_427;-16,74699;-43,84543;Positiva;3;-16.74699,-43.84543
Janeiro;;Montes Claros;3143302;2024;428;75;Montes Claros_428;-16,74743;-43,84308;Positiva;3;-16.74743,-43.84308
Janeiro;;Montes Claros;3143302;2024;429;0;Montes Claros_429;-16,74753;-43,83998;Negativa;3;-16.74753,-43.83998
Janeiro;;Montes Claros;3143302;2024;430;15;Montes Claros_430;-16,74776;-43,83498;Positiva;3;-16.74776,-43.83498
Janeiro;;Montes Claros;3143302;2024;431;28;Montes Claros_431;-16,74663;-43,83093;Positiva;3;-16.74663,-43.83093
Janeiro;;Montes Claros;3143302;2024;432;19;Montes Claros_432;-16,74660;-43,82780;Positiva;3;-16.74660,-43.82780
Janeiro;;Montes Claros;3143302;2024;446;0;Montes Claros_446;-16,75019;-43,84332;Negativa;3;-16.75019,-43.84332
Janeiro;;Montes Claros;3143302;2024;447;10;Montes Claros_447;-16,75009;-43,84054;Positiva;3;-16.75009,-43.84054
Janeiro;;Montes Claros;3143302;2024;448;0;Montes Claros_448;-16,74990;-43,83709;Negativa;3;-16.74990,-43.83709
Janeiro;;Montes Claros;3143302;2024;449;309;Montes Claros_449;-16,75048;-43,83397;Positiva;3;-16.75048,-43.83397
Janeiro;;Montes Claros;3143302;2024;450;49;Montes Claros_450;-16,75042;-43,83131;Positiva;3;-16.75042,-43.83131
Janeiro;;Montes Claros;3143302;2024;466;0;Montes Claros_466;-16,75357;-43,84370;Negativa;3;-16.75357,-43.84370
Janeiro;;Montes Claros;3143302;2024;467;0;Montes Claros_467;-16,75346;-43,84020;Negativa;3;-16.75346,-43.84020
Janeiro;;Montes Claros;3143302;2024;468;0;Montes Claros_468;-16,75257;-43,83586;Negativa;3;-16.75257,-43.83586
Janeiro;;Montes Claros;3143302;2024;483;101;Montes Claros_483;-16,75657;-43,84286;Positiva;3;-16.75657,-43.84286
Janeiro;;Montes Claros;3143302;2024;484;1;Montes Claros_484;-16,75631;-43,84038;Positiva;3;-16.75631,-43.84038
Janeiro;;Montes Claros;3143302;2024;485;0;Montes Claros_485;-16,75620;-43,83771;Negativa;3;-16.75620,-43.83771
Janeiro;;Montes Claros;3143302;2024;497;195;Montes Claros_497;-16,75940;-43,84022;Positiva;3;-16.75940,-43.84022
Janeiro;;Montes Claros;3143302;2024;509;3;Montes Claros_509;-16,76271;-43,84023;Positiva;3;-16.76271,-43.84023
Janeiro;;Montes Claros;3143302;2024;510;0;Montes Claros_510;-16,76212;-43,83661;Negativa;3;-16.76212,-43.83661
Janeiro;;Montes Claros;3143302;2024;117;0;Montes Claros_117;-16,70212;-43,83996;Negativa;3;-16.70212,-43.83996
Janeiro;;Montes Claros;3143302;2024;118;3;Montes Claros_118;-16,70245;-43,83662;Positiva;3;-16.70245,-43.83662
Janeiro;;Montes Claros;3143302;2024;119;0;Montes Claros_119;-16,70184;-43,81167;Negativa;3;-16.70184,-43.81167
Janeiro;;Montes Claros;3143302;2024;120;40;Montes Claros_120;-16,70176;-43,80606;Positiva;3;-16.70176,-43.80606
Janeiro;;Montes Claros;3143302;2024;132;15;Montes Claros_132;-16,70575;-43,83472;Positiva;3;-16.70575,-43.83472
Janeiro;;Montes Claros;3143302;2024;133;11;Montes Claros_133;-16,70566;-43,83153;Positiva;3;-16.70566,-43.83153
Janeiro;;Montes Claros;3143302;2024;134;127;Montes Claros_134;-16,70628;-43,79171;Positiva;3;-16.70628,-43.79171
Janeiro;;Montes Claros;3143302;2024;145;9;Montes Claros_145;-16,70846;-43,83176;Positiva;3;-16.70846,-43.83176
Janeiro;;Montes Claros;3143302;2024;158;1;Montes Claros_158;-16,71160;-43,81886;Positiva;3;-16.71160,-43.81886
Janeiro;;Montes Claros;3143302;2024;159;0;Montes Claros_159;-16,71163;-43,81636;Negativa;3;-16.71163,-43.81636
Janeiro;;Montes Claros;3143302;2024;160;47;Montes Claros_160;-16,71235;-43,80972;Positiva;3;-16.71235,-43.80972
Janeiro;;Montes Claros;3143302;2024;176;42;Montes Claros_176;-16,71436;-43,83688;Positiva;3;-16.71436,-43.83688
Janeiro;;Montes Claros;3143302;2024;177;139;Montes Claros_177;-16,71405;-43,83392;Positiva;3;-16.71405,-43.83392
Janeiro;;Montes Claros;3143302;2024;178;1;Montes Claros_178;-16,71460;-43,83052;Positiva;3;-16.71460,-43.83052
Janeiro;;Montes Claros;3143302;2024;179;27;Montes Claros_179;-16,71455;-43,81858;Positiva;3;-16.71455,-43.81858
Janeiro;;Montes Claros;3143302;2024;180;52;Montes Claros_180;-16,71441;-43,81592;Positiva;3;-16.71441,-43.81592
Janeiro;;Montes Claros;3143302;2024;181;66;Montes Claros_181;-16,71432;-43,81321;Positiva;3;-16.71432,-43.81321
Janeiro;;Montes Claros;3143302;2024;182;5;Montes Claros_182;-16,71464;-43,80972;Positiva;3;-16.71464,-43.80972
Janeiro;;Montes Claros;3143302;2024;183;0;Montes Claros_183;-16,71437;-43,80719;Negativa;3;-16.71437,-43.80719
Janeiro;;Montes Claros;3143302;2024;184;0;Montes Claros_184;-16,71465;-43,80412;Negativa;3;-16.71465,-43.80412
Janeiro;;Montes Claros;3143302;2024;202;3;Montes Claros_202;-16,71739;-43,83414;Positiva;3;-16.71739,-43.83414
Janeiro;;Montes Claros;3143302;2024;203;0;Montes Claros_203;-16,71750;-43,83127;Negativa;3;-16.71750,-43.83127
Janeiro;;Montes Claros;3143302;2024;204;99;Montes Claros_204;-16,71738;-43,82771;Positiva;3;-16.71738,-43.82771
Janeiro;;Montes Claros;3143302;2024;205;0;Montes Claros_205;-16,71785;-43,82247;Negativa;3;-16.71785,-43.82247
Janeiro;;Montes Claros;3143302;2024;206;13;Montes Claros_206;-16,71734;-43,81913;Positiva;3;-16.71734,-43.81913
Janeiro;;Montes Claros;3143302;2024;207;7;Montes Claros_207;-16,71742;-43,81644;Positiva;3;-16.71742,-43.81644
Janeiro;;Montes Claros;3143302;2024;208;3;Montes Claros_208;-16,71728;-43,81329;Positiva;3;-16.71728,-43.81329
Janeiro;;Montes Claros;3143302;2024;209;6;Montes Claros_209;-16,71732;-43,81024;Positiva;3;-16.71732,-43.81024
Janeiro;;Montes Claros;3143302;2024;210;0;Montes Claros_210;-16,71719;-43,80757;Negativa;3;-16.71719,-43.80757
Janeiro;;Montes Claros;3143302;2024;231;116;Montes Claros_231;-16,72049;-43,82197;Positiva;3;-16.72049,-43.82197
Janeiro;;Montes Claros;3143302;2024;232;0;Montes Claros_232;-16,72040;-43,81902;Negativa;3;-16.72040,-43.81902
Janeiro;;Montes Claros;3143302;2024;233;2;Montes Claros_233;-16,71996;-43,81618;Positiva;3;-16.71996,-43.81618
Janeiro;;Montes Claros;3143302;2024;234;3;Montes Claros_234;-16,72053;-43,81292;Positiva;3;-16.72053,-43.81292
Janeiro;;Montes Claros;3143302;2024;235;34;Montes Claros_235;-16,72043;-43,81037;Positiva;3;-16.72043,-43.81037
Janeiro;;Montes Claros;3143302;2024;254;0;Montes Claros_254;-16,72334;-43,81899;Negativa;3;-16.72334,-43.81899
Janeiro;;Montes Claros;3143302;2024;255;7;Montes Claros_255;-16,72332;-43,81612;Positiva;3;-16.72332,-43.81612
Janeiro;;Montes Claros;3143302;2024;256;0;Montes Claros_256;-16,72306;-43,81294;Negativa;3;-16.72306,-43.81294
Janeiro;;Montes Claros;3143302;2024;257;9;Montes Claros_257;-16,72309;-43,80998;Positiva;3;-16.72309,-43.80998
Janeiro;;Montes Claros;3143302;2024;258;59;Montes Claros_258;-16,72229;-43,80264;Positiva;3;-16.72229,-43.80264
Janeiro;;Montes Claros;3143302;2024;281;66;Montes Claros_281;-16,72618;-43,81938;Positiva;3;-16.72618,-43.81938
Janeiro;;Montes Claros;3143302;2024;282;108;Montes Claros_282;-16,72601;-43,81606;Positiva;3;-16.72601,-43.81606
Janeiro;;Montes Claros;3143302;2024;283;0;Montes Claros_283;-16,72599;-43,81290;Negativa;3;-16.72599,-43.81290
Janeiro;;Montes Claros;3143302;2024;306;0;Montes Claros_306;-16,72942;-43,81826;Negativa;3;-16.72942,-43.81826
Janeiro;;Montes Claros;3143302;2024;307;4;Montes Claros_307;-16,72939;-43,81507;Positiva;3;-16.72939,-43.81507
Janeiro;;Montes Claros;3143302;2024;332;0;Montes Claros_332;-16,73262;-43,81349;Negativa;3;-16.73262,-43.81349
Janeiro;;Montes Claros;3143302;2024;333;8;Montes Claros_333;-16,73151;-43,81013;Positiva;3;-16.73151,-43.81013
Janeiro;;Montes Claros;3143302;2024;354;37;Montes Claros_354;-16,73466;-43,81288;Positiva;3;-16.73466,-43.81288
Janeiro;;Montes Claros;3143302;2024;289;0;Montes Claros_289;-16,72884;-43,87612;Negativa;3;-16.72884,-43.87612
Janeiro;;Montes Claros;3143302;2024;290;15;Montes Claros_290;-16,72912;-43,87349;Positiva;3;-16.72912,-43.87349
Janeiro;;Montes Claros;3143302;2024;308;4;Montes Claros_308;-16,73256;-43,89462;Positiva;3;-16.73256,-43.89462
Janeiro;;Montes Claros;3143302;2024;309;0;Montes Claros_309;-16,73184;-43,89126;Negativa;3;-16.73184,-43.89126
Janeiro;;Montes Claros;3143302;2024;310;91;Montes Claros_310;-16,73189;-43,88835;Positiva;3;-16.73189,-43.88835
Janeiro;;Montes Claros;3143302;2024;311;263;Montes Claros_311;-16,73169;-43,88479;Positiva;3;-16.73169,-43.88479
Janeiro;;Montes Claros;3143302;2024;334;0;Montes Claros_334;-16,73482;-43,89125;Negativa;3;-16.73482,-43.89125
Janeiro;;Montes Claros;3143302;2024;335;19;Montes Claros_335;-16,73592;-43,88899;Positiva;3;-16.73592,-43.88899
Janeiro;;Montes Claros;3143302;2024;336;0;Montes Claros_336;-16,73568;-43,88172;Negativa;3;-16.73568,-43.88172
Janeiro;;Montes Claros;3143302;2024;355;0;Montes Claros_355;-16,73821;-43,88242;Negativa;3;-16.73821,-43.88242
Janeiro;;Montes Claros;3143302;2024;374;344;Montes Claros_374;-16,74091;-43,88544;Positiva;3;-16.74091,-43.88544
Janeiro;;Montes Claros;3143302;2024;375;18;Montes Claros_375;-16,74076;-43,88243;Positiva;3;-16.74076,-43.88243
Janeiro;;Montes Claros;3143302;2024;393;0;Montes Claros_393;-16,74293;-43,89758;Negativa;3;-16.74293,-43.89758
Janeiro;;Montes Claros;3143302;2024;394;34;Montes Claros_394;-16,74387;-43,88801;Positiva;3;-16.74387,-43.88801
Janeiro;;Montes Claros;3143302;2024;395;0;Montes Claros_395;-16,74360;-43,88517;Negativa;3;-16.74360,-43.88517
Janeiro;;Montes Claros;3143302;2024;396;0;Montes Claros_396;-16,74391;-43,88216;Negativa;3;-16.74391,-43.88216
Janeiro;;Montes Claros;3143302;2024;397;0;Montes Claros_397;-16,74407;-43,87902;Negativa;3;-16.74407,-43.87902
Janeiro;;Montes Claros;3143302;2024;398;260;Montes Claros_398;-16,74385;-43,87620;Positiva;3;-16.74385,-43.87620
Janeiro;;Montes Claros;3143302;2024;400;56;Montes Claros_400;-16,74410;-43,87024;Positiva;3;-16.74410,-43.87024
Janeiro;;Montes Claros;3143302;2024;401;0;Montes Claros_401;-16,74444;-43,86693;Negativa;3;-16.74444,-43.86693
Janeiro;;Montes Claros;3143302;2024;414;0;Montes Claros_414;-16,74628;-43,88804;Negativa;3;-16.74628,-43.88804
Janeiro;;Montes Claros;3143302;2024;415;35;Montes Claros_415;-16,74696;-43,88285;Positiva;3;-16.74696,-43.88285
Janeiro;;Montes Claros;3143302;2024;416;1;Montes Claros_416;-16,74670;-43,87932;Positiva;3;-16.74670,-43.87932
Janeiro;;Montes Claros;3143302;2024;417;21;Montes Claros_417;-16,74684;-43,87637;Positiva;3;-16.74684,-43.87637
Janeiro;;Montes Claros;3143302;2024;418;0;Montes Claros_418;-16,74730;-43,87307;Negativa;3;-16.74730,-43.87307
Janeiro;;Montes Claros;3143302;2024;419;0;Montes Claros_419;-16,74696;-43,86968;Negativa;3;-16.74696,-43.86968
Janeiro;;Montes Claros;3143302;2024;433;6;Montes Claros_433;-16,74982;-43,88866;Positiva;3;-16.74982,-43.88866
Janeiro;;Montes Claros;3143302;2024;434;48;Montes Claros_434;-16,74992;-43,88473;Positiva;3;-16.74992,-43.88473
Janeiro;;Montes Claros;3143302;2024;435;0;Montes Claros_435;-16,74978;-43,88200;Negativa;3;-16.74978,-43.88200
Janeiro;;Montes Claros;3143302;2024;436;2;Montes Claros_436;-16,74989;-43,87891;Positiva;3;-16.74989,-43.87891
Janeiro;;Montes Claros;3143302;2024;438;2;Montes Claros_438;-16,75020;-43,87314;Positiva;3;-16.75020,-43.87314
Janeiro;;Montes Claros;3143302;2024;439;0;Montes Claros_439;-16,74964;-43,87008;Negativa;3;-16.74964,-43.87008
Janeiro;;Montes Claros;3143302;2024;451;0;Montes Claros_451;-16,75314;-43,89227;Negativa;3;-16.75314,-43.89227
Janeiro;;Montes Claros;3143302;2024;452;4;Montes Claros_452;-16,75260;-43,88764;Positiva;3;-16.75260,-43.88764
Janeiro;;Montes Claros;3143302;2024;453;164;Montes Claros_453;-16,75260;-43,88457;Positiva;3;-16.75260,-43.88457
Janeiro;;Montes Claros;3143302;2024;454;0;Montes Claros_454;-16,75255;-43,88175;Negativa;3;-16.75255,-43.88175
Janeiro;;Montes Claros;3143302;2024;455;35;Montes Claros_455;-16,75275;-43,87872;Positiva;3;-16.75275,-43.87872
Janeiro;;Montes Claros;3143302;2024;469;12;Montes Claros_469;-16,75521;-43,89331;Positiva;3;-16.75521,-43.89331
Janeiro;;Montes Claros;3143302;2024;470;168;Montes Claros_470;-16,75568;-43,88784;Positiva;3;-16.75568,-43.88784
Janeiro;;Montes Claros;3143302;2024;471;304;Montes Claros_471;-16,75571;-43,87947;Positiva;3;-16.75571,-43.87947
Janeiro;;Montes Claros;3143302;2024;486;157;Montes Claros_486;-16,75889;-43,88810;Positiva;3;-16.75889,-43.88810
Janeiro;;Montes Claros;3143302;2024;487;0;Montes Claros_487;-16,75919;-43,88503;Negativa;3;-16.75919,-43.88503
Janeiro;;Montes Claros;3143302;2024;498;5;Montes Claros_498;-16,76144;-43,88664;Positiva;3;-16.76144,-43.88664
Janeiro;;Montes Claros;3143302;2024;519;0;Montes Claros_519;-16,76741;-43,88812;Negativa;3;-16.76741,-43.88812
Janeiro;;Montes Claros;3143302;2024;539;84;Montes Claros_539;-16,78867;-43,88643;Positiva;3;-16.78867,-43.88643
Janeiro;;Montes Claros;3143302;2024;540;193;Montes Claros_540;-16,79109;-43,88846;Positiva;3;-16.79109,-43.88846
Janeiro;;Montes Claros;3143302;2024;541;44;Montes Claros_541;-16,79445;-43,88790;Positiva;3;-16.79445,-43.88790
Janeiro;;Montes Claros;3143302;2024;542;83;Montes Claros_542;-16,79439;-43,88543;Positiva;3;-16.79439,-43.88543
Janeiro;;Montes Claros;3143302;2024;543;48;Montes Claros_543;-16,79515;-43,88128;Positiva;3;-16.79515,-43.88128
Janeiro;;Montes Claros;3143302;2024;193;41;Montes Claros_193;-16,71793;-43,86456;Positiva;3;-16.71793,-43.86456
Janeiro;;Montes Claros;3143302;2024;218;277;Montes Claros_218;-16,72022;-43,86673;Positiva;3;-16.72022,-43.86673
Janeiro;;Montes Claros;3143302;2024;219;76;Montes Claros_219;-16,72044;-43,86432;Positiva;3;-16.72044,-43.86432
Janeiro;;Montes Claros;3143302;2024;240;0;Montes Claros_240;-16,72286;-43,87011;Negativa;3;-16.72286,-43.87011
Janeiro;;Montes Claros;3143302;2024;241;0;Montes Claros_241;-16,72307;-43,86712;Negativa;3;-16.72307,-43.86712
Janeiro;;Montes Claros;3143302;2024;242;0;Montes Claros_242;-16,72360;-43,86463;Negativa;3;-16.72360,-43.86463
Janeiro;;Montes Claros;3143302;2024;267;9;Montes Claros_267;-16,72621;-43,87015;Positiva;3;-16.72621,-43.87015
Janeiro;;Montes Claros;3143302;2024;268;138;Montes Claros_268;-16,72633;-43,86741;Positiva;3;-16.72633,-43.86741
Janeiro;;Montes Claros;3143302;2024;269;91;Montes Claros_269;-16,72617;-43,86456;Positiva;3;-16.72617,-43.86456
Janeiro;;Montes Claros;3143302;2024;270;17;Montes Claros_270;-16,72657;-43,86139;Positiva;3;-16.72657,-43.86139
Janeiro;;Montes Claros;3143302;2024;271;197;Montes Claros_271;-16,72651;-43,85883;Positiva;3;-16.72651,-43.85883
Janeiro;;Montes Claros;3143302;2024;291;69;Montes Claros_291;-16,72869;-43,86997;Positiva;3;-16.72869,-43.86997
Janeiro;;Montes Claros;3143302;2024;292;0;Montes Claros_292;-16,72957;-43,86720;Negativa;3;-16.72957,-43.86720
Janeiro;;Montes Claros;3143302;2024;341;20;Montes Claros_341;-16,73552;-43,86670;Positiva;3;-16.73552,-43.86670
Janeiro;;Montes Claros;3143302;2024;293;0;Montes Claros_293;-16,72974;-43,86388;Negativa;3;-16.72974,-43.86388
Janeiro;;Montes Claros;3143302;2024;294;11;Montes Claros_294;-16,72945;-43,86129;Positiva;3;-16.72945,-43.86129
Janeiro;;Montes Claros;3143302;2024;295;148;Montes Claros_295;-16,72998;-43,85811;Positiva;3;-16.72998,-43.85811
Janeiro;;Montes Claros;3143302;2024;296;1;Montes Claros_296;-16,72951;-43,85511;Positiva;3;-16.72951,-43.85511
Janeiro;;Montes Claros;3143302;2024;319;278;Montes Claros_319;-16,73217;-43,86123;Positiva;3;-16.73217,-43.86123
Janeiro;;Montes Claros;3143302;2024;320;129;Montes Claros_320;-16,73225;-43,85873;Positiva;3;-16.73225,-43.85873
Janeiro;;Montes Claros;3143302;2024;321;190;Montes Claros_321;-16,73228;-43,85501;Positiva;3;-16.73228,-43.85501
Janeiro;;Montes Claros;3143302;2024;343;9;Montes Claros_343;-16,73559;-43,86108;Positiva;3;-16.73559,-43.86108
Janeiro;;Montes Claros;3143302;2024;344;0;Montes Claros_344;-16,73555;-43,85813;Negativa;3;-16.73555,-43.85813
Janeiro;;Montes Claros;3143302;2024;345;0;Montes Claros_345;-16,73536;-43,85514;Negativa;3;-16.73536,-43.85514
Janeiro;;Montes Claros;3143302;2024;346;118;Montes Claros_346;-16,73558;-43,85232;Positiva;3;-16.73558,-43.85232
Janeiro;;Montes Claros;3143302;2024;347;23;Montes Claros_347;-16,73557;-43,84896;Positiva;3;-16.73557,-43.84896
Janeiro;;Montes Claros;3143302;2024;364;9;Montes Claros_364;-16,73844;-43,85531;Positiva;3;-16.73844,-43.85531
Janeiro;;Montes Claros;3143302;2024;365;52;Montes Claros_365;-16,73833;-43,85182;Positiva;3;-16.73833,-43.85182
Janeiro;;Montes Claros;3143302;2024;366;0;Montes Claros_366;-16,73845;-43,84885;Negativa;3;-16.73845,-43.84885
Janeiro;;Montes Claros;3143302;2024;385;3;Montes Claros_385;-16,74123;-43,85218;Positiva;3;-16.74123,-43.85218
Janeiro;;Montes Claros;3143302;2024;386;175;Montes Claros_386;-16,74149;-43,84887;Positiva;3;-16.74149,-43.84887
Janeiro;;Montes Claros;3143302;2024;406;0;Montes Claros_406;-16,74491;-43,84976;Negativa;3;-16.74491,-43.84976
Janeiro;;Montes Claros;3143302;2024;220;84;Montes Claros_220;-16,72039;-43,86071;Positiva;3;-16.72039,-43.86071
Janeiro;;Montes Claros;3143302;2024;224;42;Montes Claros_224;-16,72039;-43,84891;Positiva;3;-16.72039,-43.84891
Janeiro;;Montes Claros;3143302;2024;225;0;Montes Claros_225;-16,72032;-43,84570;Negativa;3;-16.72032,-43.84570
Janeiro;;Montes Claros;3143302;2024;246;121;Montes Claros_246;-16,72445;-43,85217;Positiva;3;-16.72445,-43.85217
Janeiro;;Montes Claros;3143302;2024;247;97;Montes Claros_247;-16,72326;-43,84907;Positiva;3;-16.72326,-43.84907
Janeiro;;Montes Claros;3143302;2024;248;157;Montes Claros_248;-16,72316;-43,84631;Positiva;3;-16.72316,-43.84631
Janeiro;;Montes Claros;3143302;2024;272;0;Montes Claros_272;-16,72591;-43,85554;Negativa;3;-16.72591,-43.85554
Janeiro;;Montes Claros;3143302;2024;273;144;Montes Claros_273;-16,72654;-43,85256;Positiva;3;-16.72654,-43.85256
Janeiro;;Montes Claros;3143302;2024;274;22;Montes Claros_274;-16,72589;-43,84954;Positiva;3;-16.72589,-43.84954
Janeiro;;Montes Claros;3143302;2024;275;199;Montes Claros_275;-16,72618;-43,84664;Positiva;3;-16.72618,-43.84664
Janeiro;;Montes Claros;3143302;2024;297;140;Montes Claros_297;-16,72918;-43,85195;Positiva;3;-16.72918,-43.85195
Janeiro;;Montes Claros;3143302;2024;298;235;Montes Claros_298;-16,72941;-43,84955;Positiva;3;-16.72941,-43.84955
Janeiro;;Montes Claros;3143302;2024;299;120;Montes Claros_299;-16,72920;-43,84654;Positiva;3;-16.72920,-43.84654
Janeiro;;Montes Claros;3143302;2024;322;284;Montes Claros_322;-16,73244;-43,85234;Positiva;3;-16.73244,-43.85234
Janeiro;;Montes Claros;3143302;2024;323;9;Montes Claros_323;-16,73223;-43,84931;Positiva;3;-16.73223,-43.84931
Janeiro;;Montes Claros;3143302;2024;129;2;Montes Claros_129;-16,70562;-43,85522;Positiva;3;-16.70562,-43.85522
Janeiro;;Montes Claros;3143302;2024;130;0;Montes Claros_130;-16,70558;-43,85227;Negativa;3;-16.70558,-43.85227
Janeiro;;Montes Claros;3143302;2024;140;374;Montes Claros_140;-16,70824;-43,85535;Positiva;3;-16.70824,-43.85535
Janeiro;;Montes Claros;3143302;2024;141;7;Montes Claros_141;-16,70806;-43,85141;Positiva;3;-16.70806,-43.85141
Janeiro;;Montes Claros;3143302;2024;153;9;Montes Claros_153;-16,71156;-43,85820;Positiva;3;-16.71156,-43.85820
Janeiro;;Montes Claros;3143302;2024;154;21;Montes Claros_154;-16,71154;-43,85498;Positiva;3;-16.71154,-43.85498
Janeiro;;Montes Claros;3143302;2024;169;0;Montes Claros_169;-16,71416;-43,85823;Negativa;3;-16.71416,-43.85823
Janeiro;;Montes Claros;3143302;2024;170;0;Montes Claros_170;-16,71426;-43,85490;Negativa;3;-16.71426,-43.85490
Janeiro;;Montes Claros;3143302;2024;171;34;Montes Claros_171;-16,71424;-43,85211;Positiva;3;-16.71424,-43.85211
Janeiro;;Montes Claros;3143302;2024;195;1;Montes Claros_195;-16,71742;-43,85805;Positiva;3;-16.71742,-43.85805
Janeiro;;Montes Claros;3143302;2024;196;207;Montes Claros_196;-16,71768;-43,85477;Positiva;3;-16.71768,-43.85477
Janeiro;;Montes Claros;3143302;2024;197;0;Montes Claros_197;-16,71743;-43,85191;Negativa;3;-16.71743,-43.85191
Janeiro;;Montes Claros;3143302;2024;221;17;Montes Claros_221;-16,71994;-43,85764;Positiva;3;-16.71994,-43.85764
Janeiro;;Montes Claros;3143302;2024;222;0;Montes Claros_222;-16,72040;-43,85470;Negativa;3;-16.72040,-43.85470
Janeiro;;Montes Claros;3143302;2024;223;0;Montes Claros_223;-16,72035;-43,85174;Negativa;3;-16.72035,-43.85174
Janeiro;;Montes Claros;3143302;2024;243;129;Montes Claros_243;-16,72358;-43,86099;Positiva;3;-16.72358,-43.86099
Janeiro;;Montes Claros;3143302;2024;244;45;Montes Claros_244;-16,72285;-43,85840;Positiva;3;-16.72285,-43.85840
Janeiro;;Montes Claros;3143302;2024;245;11;Montes Claros_245;-16,72294;-43,85513;Positiva;3;-16.72294,-43.85513
Janeiro;;Montes Claros;3143302;2024;113;117;Montes Claros_113;-16,70234;-43,85768;Positiva;3;-16.70234,-43.85768
Janeiro;;Montes Claros;3143302;2024;114;0;Montes Claros_114;-16,70282;-43,85503;Negativa;3;-16.70282,-43.85503
Janeiro;;Montes Claros;3143302;2024;115;0;Montes Claros_115;-16,70265;-43,85215;Negativa;3;-16.70265,-43.85215
Janeiro;;Montes Claros;3143302;2024;116;1;Montes Claros_116;-16,70146;-43,84838;Positiva;3;-16.70146,-43.84838
Janeiro;;Montes Claros;3143302;2024;312;0;Montes Claros_312;-16,73203;-43,88170;Negativa;3;-16.73203,-43.88170
Janeiro;;Montes Claros;3143302;2024;313;27;Montes Claros_313;-16,73196;-43,87938;Positiva;3;-16.73196,-43.87938
Janeiro;;Montes Claros;3143302;2024;314;19;Montes Claros_314;-16,73227;-43,87621;Positiva;3;-16.73227,-43.87621
Janeiro;;Montes Claros;3143302;2024;315;21;Montes Claros_315;-16,73264;-43,87352;Positiva;3;-16.73264,-43.87352
Janeiro;;Montes Claros;3143302;2024;316;0;Montes Claros_316;-16,73250;-43,87024;Negativa;3;-16.73250,-43.87024
Janeiro;;Montes Claros;3143302;2024;337;107;Montes Claros_337;-16,73508;-43,87879;Positiva;3;-16.73508,-43.87879
Janeiro;;Montes Claros;3143302;2024;338;0;Montes Claros_338;-16,73533;-43,87602;Negativa;3;-16.73533,-43.87602
Janeiro;;Montes Claros;3143302;2024;339;3;Montes Claros_339;-16,73547;-43,87292;Positiva;3;-16.73547,-43.87292
Janeiro;;Montes Claros;3143302;2024;340;56;Montes Claros_340;-16,73534;-43,86971;Positiva;3;-16.73534,-43.86971
Janeiro;;Montes Claros;3143302;2024;356;57;Montes Claros_356;-16,73805;-43,87891;Positiva;3;-16.73805,-43.87891
Janeiro;;Montes Claros;3143302;2024;357;31;Montes Claros_357;-16,73817;-43,87591;Positiva;3;-16.73817,-43.87591
Janeiro;;Montes Claros;3143302;2024;358;3;Montes Claros_358;-16,73823;-43,87322;Positiva;3;-16.73823,-43.87322
Janeiro;;Montes Claros;3143302;2024;359;0;Montes Claros_359;-16,73808;-43,87032;Negativa;3;-16.73808,-43.87032
Janeiro;;Montes Claros;3143302;2024;360;22;Montes Claros_360;-16,73797;-43,86695;Positiva;3;-16.73797,-43.86695
Janeiro;;Montes Claros;3143302;2024;376;49;Montes Claros_376;-16,74054;-43,87923;Positiva;3;-16.74054,-43.87923
Janeiro;;Montes Claros;3143302;2024;377;170;Montes Claros_377;-16,74049;-43,87634;Positiva;3;-16.74049,-43.87634
Janeiro;;Montes Claros;3143302;2024;378;168;Montes Claros_378;-16,74083;-43,87340;Positiva;3;-16.74083,-43.87340
Janeiro;;Montes Claros;3143302;2024;379;29;Montes Claros_379;-16,74005;-43,86905;Positiva;3;-16.74005,-43.86905
Janeiro;;Montes Claros;3143302;2024;380;220;Montes Claros_380;-16,74109;-43,86682;Positiva;3;-16.74109,-43.86682
Janeiro;;Montes Claros;3143302;2024;399;75;Montes Claros_399;-16,74409;-43,87323;Positiva;3;-16.74409,-43.87323